{
  "Total" : {
    "transaction" : "Total",
    "sampleCount" : 33551,
    "errorCount" : 48,
    "errorPct" : 0.14306578,
    "meanResTime" : 647.9617299037305,
    "medianResTime" : 159.0,
    "minResTime" : 75.0,
    "maxResTime" : 42063.0,
    "pct1ResTime" : 1189.0,
    "pct2ResTime" : 3148.0,
    "pct3ResTime" : 16182.110000001263,
    "throughput" : 82.28507802747333,
    "receivedKBytesPerSec" : 45.97514635132964,
    "sentKBytesPerSec" : 9.06729614740117
  },
  "HTTP Request" : {
    "transaction" : "HTTP Request",
    "sampleCount" : 33551,
    "errorCount" : 48,
    "errorPct" : 0.14306578,
    "meanResTime" : 647.9617299037305,
    "medianResTime" : 159.0,
    "minResTime" : 75.0,
    "maxResTime" : 42063.0,
    "pct1ResTime" : 1189.0,
    "pct2ResTime" : 3148.0,
    "pct3ResTime" : 16182.110000001263,
    "throughput" : 82.28507802747333,
    "receivedKBytesPerSec" : 45.97514635132964,
    "sentKBytesPerSec" : 9.06729614740117
  }
}